,nearest,assigned,shell_num,variable,value,count
0,ACE_1,WAT,1.0,Sor_test2,4.489915951626981,155
1,ACE_1,WAT,1.0,Strans,47.11419362392836,155
2,ACE_1,WAT,1.0,Srot,21.518818629248273,155
3,ACE_1,WAT,1.0,count,7.75,155
4,ARG_2,WAT,1.0,Sor_test2,4.389285530675956,358
5,ARG_2,WAT,1.0,Strans,46.659295624146566,358
6,ARG_2,WAT,1.0,Srot,21.813924446445043,358
7,ARG_2,WAT,1.0,count,17.9,358
8,NME_3,WAT,1.0,Sor_test2,2.782702653110647,117
9,NME_3,WAT,1.0,Strans,46.47976610161393,117
10,NME_3,WAT,1.0,Srot,20.958345859424803,117
11,NME_3,WAT,1.0,count,5.85,117
