,resName,variable,value,count
0,ACE_C,WM_Strans,31.20938016596053,20
1,ACE_C,WM_Srot,18.233383566887117,20
2,ACE_C,WM_UA_Strans,1.4502726361533511,20
3,ACE_C,WM_UA_Srot,17.25675020177659,20
4,ARG_N,WM_Strans,37.553747050759135,20
5,ARG_N,WM_Srot,10.551190478706843,20
6,ARG_N,WM_UA_Strans,203.09527522128928,20
7,ARG_N,WM_UA_Srot,,20
8,ARG_N,conf_AE,18.35852729618177,20
9,NME_N,WM_Strans,28.852400895320642,20
10,NME_N,WM_Srot,0.38774858390706696,20
11,NME_N,WM_UA_Strans,0.0,20
12,NME_N,WM_UA_Srot,27.433272065142337,20
