,nearest,assigned,shell_num,variable,value,count
0,ACE_C,WAT_O,1.0,Sor_test2,3.8594921390149413,90
1,ACE_C,WAT_O,1.0,Strans,46.89641951329008,90
2,ACE_C,WAT_O,1.0,Srot,21.477797095406014,90
3,ACE_C,WAT_O,1.0,count,4.5,90
4,ACE_O,WAT_O,1.0,Sor_test2,1.3836521121262286,65
5,ACE_O,WAT_O,1.0,Strans,47.442017238400354,65
6,ACE_O,WAT_O,1.0,Srot,21.607751353463406,65
7,ACE_O,WAT_O,1.0,count,3.25,65
8,ARG_C,WAT_O,1.0,Sor_test2,2.209786643037213,94
9,ARG_C,WAT_O,1.0,Strans,44.95048762435992,94
10,ARG_C,WAT_O,1.0,Srot,22.805752659421145,94
11,ARG_C,WAT_O,1.0,count,4.7,94
12,ARG_N,WAT_O,1.0,Sor_test2,4.322509508588736,213
13,ARG_N,WAT_O,1.0,Strans,47.054251255981754,213
14,ARG_N,WAT_O,1.0,Srot,21.210663761522586,213
15,ARG_N,WAT_O,1.0,count,10.65,213
16,ARG_O,WAT_O,1.0,Sor_test2,0.6585536015084251,51
17,ARG_O,WAT_O,1.0,Strans,49.51962625759284,51
18,ARG_O,WAT_O,1.0,Srot,23.22177848133927,51
19,ARG_O,WAT_O,1.0,count,2.55,51
20,NME_C,WAT_O,1.0,Sor_test2,2.8767689282017637,92
21,NME_C,WAT_O,1.0,Strans,46.59212837774104,92
22,NME_C,WAT_O,1.0,Srot,20.791071452164342,92
23,NME_C,WAT_O,1.0,count,4.6,92
24,NME_N,WAT_O,1.0,Sor_test2,0.3607000244317905,25
25,NME_N,WAT_O,1.0,Strans,46.33702716013443,25
26,NME_N,WAT_O,1.0,Srot,21.698026851273234,25
27,NME_N,WAT_O,1.0,count,1.25,25
