,resName,variable,value,count
0,ACE_1,WM_Strans,31.2093801659605,20
1,ACE_1,WM_Srot,18.2333835668871,20
2,ACE_1,WM_UA_Strans,1.45027263615335,20
3,ACE_1,WM_UA_Srot,17.2567502017766,20
4,ARG_2,WM_Strans,37.5537470507591,20
5,ARG_2,WM_Srot,10.5511904787068,20
6,ARG_2,WM_UA_Strans,203.095275221289,20
7,ARG_2,WM_UA_Srot,,20
8,ARG_2,conf_AE,18.3585272961818,20
9,NME_3,WM_Strans,28.8524008953206,20
10,NME_3,WM_Srot,0.387748583907067,20
11,NME_3,WM_UA_Strans,0,20
12,NME_3,WM_UA_Srot,27.4332720651423,20
